{"cameraMode":{"drawMode":0,"name":"Shaded","section":"Shading Mode"},"sceneLighting":true,"audioPlay":false,"sceneViewState":{"showFog":true,"showMaterialUpdate":false,"showSkybox":true,"showFlares":true,"showImageEffects":true,"showParticleSystems":true},"in2DMode":false,"pivot":{"x":5.091237545013428,"y":7.501569747924805,"z":-7.064056396484375},"rotation":{"x":0.0553826205432415,"y":0.4327947497367859,"z":-0.02665049210190773,"w":0.8993949294090271},"size":1.9978201389312745,"orthographic":false}